{"cameraMode":{"drawMode":0,"name":"Shaded","section":"Shading Mode"},"sceneLighting":false,"audioPlay":false,"sceneViewState":{"m_AlwaysRefresh":false,"showFog":true,"showSkybox":false,"showFlares":true,"showImageEffects":true,"showParticleSystems":true,"showVisualEffectGraphs":true,"m_FxEnabled":true},"in2DMode":false,"pivot":{"x":-2.2365000247955324,"y":2.0003483295440676,"z":-8.841052055358887},"rotation":{"x":0.04935692623257637,"y":-0.6992666125297546,"z":0.04858589917421341,"w":0.7115569114685059},"size":0.03551536425948143,"orthographic":false}