{"cameraMode":{"drawMode":0,"name":"Shaded","section":"Shading Mode"},"sceneLighting":false,"audioPlay":false,"sceneViewState":{"m_AlwaysRefresh":false,"showFog":true,"showSkybox":false,"showFlares":true,"showImageEffects":true,"showParticleSystems":true,"showVisualEffectGraphs":true,"m_FxEnabled":true},"in2DMode":false,"pivot":{"x":0.42707791924476626,"y":0.6416395902633667,"z":-46.5173225402832},"rotation":{"x":-0.019423464313149453,"y":0.9728606343269348,"z":-0.21083888411521913,"w":-0.09502346813678742},"size":0.3259804844856262,"orthographic":false}