{"cameraMode":{"drawMode":0,"name":"Shaded","section":"Shading Mode"},"sceneLighting":false,"audioPlay":false,"sceneViewState":{"m_AlwaysRefresh":false,"showFog":true,"showSkybox":false,"showFlares":true,"showImageEffects":true,"showParticleSystems":true,"showVisualEffectGraphs":true,"m_FxEnabled":true},"in2DMode":false,"pivot":{"x":-4.656612873077393e-10,"y":1.9600000381469727,"z":1.3786170482635499},"rotation":{"x":0.017782609909772874,"y":-0.9771177768707275,"z":0.1903194785118103,"w":0.09445793926715851},"size":0.047092244029045108,"orthographic":false}